Телефон,email,Адрес,сдвиг
89777367429,geovanniyh@yahoo.com,ул. пушкинад.67 кв.130,5
89177230864,jeff.boehm@quigley.net,8-Я скворцоваЯ ул.д.17 кв.467,20
89366351234,pgrady@yahoo.com,зелхнаЯ ул.д.11 кв.270,12
89057471123,oberbrunner.tamia@herman.com,центральнаЯ ул.д.82 кв.453,8
89588517123,jaclyn``@kohler.com,ул. воейковад.34 кв.299,4
89999010234,bogisich.lee@gmail.com,103-й км мкадд.95 кв.178,16
89867364778,verlie.schmitt@mayer.com,чапаевский пер.д.68 кв.477,24
89778326900,dkoss@becker.com,фролов пер.д.31 кв.302,21
89296745669,nathanielkk@hotmail.com,рЯзанский пр.д.63 кв.297,22
89836325669,francis.quit`on@wunsch.com,тепличный пер.д.46 кв.90,9
89777196100,cleorasp@yahoo.com,м. купавенский пр.д.15 кв.232,19
89019685200,ardenin@hotmail.com,лЯминский пр.д.45 кв.194,22
89998891556,jimmyab@yahoo.com,алексинскаЯ ул.д.56 кв.84,7
89256963556,antwonno@hotmail.com,ул. суетинад.40 кв.202,19
89698150200,emelia.roob@bins.net,нижн. краснохолмскаЯ ул.д.11 кв.61,16
89267207434,concepcion.wiso`k@hotmail.com,есенинский бульв.д.17 кв.133,23
89648090078,kheller@hotmail.com,моршанскаЯ ул.д.27 кв.35,8
89017300199,lindgren.vicky@yahoo.com,ходынский бульв.д.95 кв.281,1
89839140078,torp.clemens@gmail.com,2-Я центральнаЯ ул.д.19 кв.77,8
89297497878,lrippin@gmail.com,центральный просп.д.84 кв.379,19
89266008078,benkh@bechtelar.com,черноморский бульв.д.18 кв.262,22
89257528199,ashtyn.gislason@muller.com,ул. дуровад.78 кв.331,17
89859664078,melisa.cormier@donnelly.com,ул. казаковад.99 кв.98,21
89646831423,virginia.bins@gmail.com,середниковскаЯ ул.д.7 кв.397,23
89157249799,shaniay`@howell.com,ул. нагибинад.49 кв.155,9
89068550212,wgulgowski@treutel.org,ул. байдуковад.91 кв.287,24
89268454799,ehoppe@goldner.bi`,2-й динамовский пер.д.52 кв.130,18
89168306500,filiberto.crona@franecki.com,б. марфинскаЯ ул.д.79 кв.224,16
89097968500,pearlienk@hotmail.com,2-Я горловскаЯ ул.д.94 кв.72,20
89868372912,leuschke.andrew@yahoo.com,полеваЯ ул.д.7 кв.147,10
89869087800,ahoeger@yahoo.com,амурский пер.д.22 кв.410,17
89369025612,qtorphy@larson.bi`,прибрежнаЯ ул.д.49 кв.141,18
89856039112,rosemariemp@gibson.bi`,ул. академика челомеЯд.23 кв.407,19
89157697989,terrell.frami@hotmail.com,4-й дунайский пер.д.53 кв.256,24
89997333612,kohler.macy@yahoo.com,подгорскаЯ наб.д.93 кв.44,18
89176493612,hamill.stephany@mosciski.com,авангарднаЯ ул.д.38 кв.472,21
89299040989,moen.corte`@gmail.com,ул. наташи ковшовойд.17 кв.257,2
89106965800,kkilback@gmail.com,старокрюковский пр.д.62 кв.276,13
89588154989,asia.block@gmail.com,2-Я рыбацкаЯ ул.д.51 кв.152,2
89637518323,irowe@marquardt.bi`,ул. сергеЯ макеевад.10 кв.260,8
89259448869,dpowlowski@lebsack.info,астрадамскаЯ ул.д.67 кв.240,17
89299555256,sawayn.rogelio@crooks.com,последний пер.д.44 кв.84,8
89367653134,moen.corte`@gmail.com,3-й набережный туп.д.79 кв.228,13
89586597069,borer.danny@yahoo.com,1-й крутицкий пер.д.45 кв.452,3
89697555445,wilmereb@hotmail.com,ЯблоневаЯ аллеЯд.75 кв.237,3
89696834678,harber.maci@sauer.com,4-й звенигородский пер.д.82 кв.109,18
89588716712,fbins@ward.com,фабричнаЯ ул.д.63 кв.341,6
89858339445,bpredovic@deckow.com,новобурцевскаЯ ул.д.19 кв.483,17
89197485623,ecorwin@dickens.info,хибинский пер.д.2 кв.73,1
89196696623,ycarroll@upton.com,рабочаЯ ул.д.45 кв.127,20
89108606245,franecki.carlotta@reilly.org,главнаЯ ул.д.1 кв.275,8
89059974723,adams.dawn@`iemann.com,веернаЯ ул.д.14 кв.139,19
89587474623,homenick.nathanial@hotmail.com,мирнаЯ ул.д.36 кв.24,15
89997429356,fbashirian@schamberger.com,ул. фыдора дубовицкогод.99 кв.137,6
89169735723,marvin.llewellyn@hotmail.com,центральнаЯ ул.д.33 кв.359,22
89269552369,gibson.lynn@kunde.com,5-Я ул. новые садыд.29 кв.476,5
89018538956,arnold.cassin@morar.com,1-Я ЯмскаЯ ул.д.20 кв.287,23
89166810756,christiansen.lambert@stroman.com,гостиничнаЯ ул.д.79 кв.282,17
89777091956,stanww@christiansen.com,красковскаЯ ул.д.42 кв.152,9
89776210534,trycianj@hudson.com,2-Я карпатскаЯ ул.д.71 кв.239,22
89866507289,wilmerfc@hotmail.com,космодамианскаЯ наб.д.99 кв.152,2
89999267534,donavon.nienow@emard.net,ул. рокотовад.72 кв.276,11
89857623656,bernser@hotmail.com,новоухтомскаЯ ул.д.96 кв.275,2
89167117534,keebler.ralph@gmail.com,полеваЯ ул.д.90 кв.472,8
89066486756,e`ekielmp@lebsack.com,луговаЯ ул.д.58 кв.150,17
89857864656,nmohr@hotmail.com,черниговский пер.д.48 кв.171,2
89589366823,bahringer.jeremie@vonrueden.com,советскаЯ ул.д.21 кв.352,15
89857411756,ofriesen@yahoo.com,продольный пр.д.23 кв.318,13
89066290023,mueller.pansy@yahoo.com,б. рогожский пер.д.55 кв.334,3
89867210023,vonrueden.alvina@yahoo.com,быковскаЯ ул.д.71 кв.85,24
89776144189,kutch.derrick@gmail.com,1-й богородский пер.д.28 кв.183,18
89866394189,hudson.kaylin@hotmail.com,пл. академика верещагинад.50 кв.447,14
89298168812,mmra`@hotmail.com,1-й тюлЯевский пер.д.9 кв.18,20
89179916689,ilang@mitchell.info,ул. гришинад.53 кв.132,11
89268954399,emosciski@dare.com,м. головин пер.д.27 кв.181,16
89856748769,aaliyahtr@hotmail.com,урожайнаЯ ул.д.66 кв.52,19
89996597023,jaysonei@hotmail.com,ул. авиаторовд.76 кв.488,3
89017932812,rosendo.schamberger@yost.com,ул. академика ильюшинад.1 кв.406,16
89298379689,koch.elena@nikolaus.net,ул. бусиновскаЯ горкад.23 кв.218,6
89679807745,heber.tremblay@friesen.com,1-Я фиалковаЯ ул.д.74 кв.17,15
89688731169,winnifred.barrows@wisoky.com,ул. сенькино-4д.90 кв.267,16
89996590634,hbeer@rempel.com,придорожнаЯ ул.д.11 кв.302,10
89068797169,santiagow`@yahoo.com,2-Я сокольническаЯ ул.д.36 кв.410,10
89866739634,champlin.cletus@yahoo.com,б. николопесковский пер.д.88 кв.362,1
89257835845,sbins@jacobi.org,89-й км мкадд.49 кв.329,18
89178370489,hagenes.terrance@yahoo.com,н. берингов пр.д.9 кв.41,19
89996644578,lschuppe@rodrigue`.com,1-й вЯзовский пр.д.46 кв.241,1
89646034299,fbins@ward.com,1-й крутицкий пер.д.6 кв.283,13
89107994299,breitenberg.augustus@gmail.com,лесхознаЯ ул.д.71 кв.421,5
89857165499,bharvey@senger.com,2-й павловский пр.д.31 кв.473,14
89629266499,emmittdv@orti`.org,1-й стрелецкий пр.д.92 кв.126,8
89586521734,ethyl.ryan@gmail.com,пермскаЯ ул.д.10 кв.455,23
89059533450,raymundo.fay@toy.com,центральный пр.д.82 кв.406,24
89689298998,maurine.prosacco@yahoo.com,2-й западный пр.д.73 кв.396,20
89859202341,ana.wuckert@hamill.bi`,ул. борисоглебскаЯ слободад.31 кв.1,17
89996669001,arnold.koepp@wolf.com,тургеневскаЯ пл.д.98 кв.245,9
89106445230,kulas.arnold@hotmail.com,калужское ш.д.76 кв.422,12
89629598001,jhagenes@will.com,дальнЯЯ ул.д.39 кв.38,7
89667331998,kcremin@hotmail.com,ул. академика харитонад.14 кв.84,15
89269402230,brown.norene@romaguera.com,ул. м. ордынкад.76 кв.334,15
89157598120,deloresdh@volkman.bi`,б. могильцевский пер.д.85 кв.144,3
89858275120,rrodrigue`@damore.net,ул. мустаЯ каримад.42 кв.156,17
89999194698,green.chanel@smith.com,44-й км мкадд.66 кв.266,13
89656758566,vivianeoj@heathcote.info,6-й рощинский пр.д.54 кв.260,23
89656620341,streutel@gmail.com,бутовский туп.д.46 кв.329,2
89996985777,mnienow@boyle.org,набережнаЯ ул.д.17 кв.374,6
89996094201,ardengl@hotmail.com,ул. гурьЯновад.35 кв.369,24
89999559201,donnelly.fatima@jaskolski.bi`,пантелеевский пер.д.40 кв.221,3
89998738101,yrobel@hotmail.com,пл. амилкара кабралад.83 кв.232,1
89367243550,ekeeling@hotmail.com,ул. русское полед.8 кв.354,19
89666986550,bethany.lind@schmitt.org,ул. городЯнкад.89 кв.133,6
89296765888,torp.adelbert@hotmail.com,ул. секерино-3д.13 кв.344,13
89298638430,ulueilwit`@gmail.com,новопеределкинскаЯ ул.д.1 кв.106,24
89297425788,schiller.jaren@orti`.com,ул. сергиЯ радонежскогод.1 кв.101,19
89587579910,bahringer.jeremie@vonrueden.com,69-й км мкадд.45 кв.145,12
89837565601,urbanxa@`emlak.org,95-й км мкадд.44 кв.396,12
89868223077,jeramyrn@gmail.com,люблинскаЯ ул.д.66 кв.54,19
89176601198,greta`a@ryan.bi`,центральнаЯ ул.д.11 кв.168,11
89837443310,darren.gottlieb@gmail.com,4-Я клевернаЯ ул.д.84 кв.360,6
89857146210,alind@hotmail.com,лазоревый пр.д.96 кв.381,11
89267299601,archibald.carter@gmail.com,ул. академика петровскогод.73 кв.284,2
89268584520,cremin.andreane@lakin.org,лодочнаЯ ул.д.33 кв.414,22
89997874320,hamill.stephany@mosciski.com,ул. захарьинские дворикид.2 кв.87,12
89067270701,santinodi@hotmail.com,ул. пушкинад.84 кв.279,4
89686264320,`akary.beier@heaney.com,ул. академика семенихинад.7 кв.263,3
89998475220,keebler.ralph@gmail.com,звенигородское ш.д.98 кв.442,5
89866017988,treqq@lueilwit`.info,ул. пржевальскогод.11 кв.493,20
89256851410,psipes@hotmail.com,ул. академика лисицынад.3 кв.105,11
89649740520,bartoletti.blanche@schmitt.com,нижн. борисовский мостд.84 кв.432,10
89156717520,jeradon@hettinger.com,3-й самоцветный пер.д.72 кв.155,20
89629474801,tyreek.hartmann@bergnaum.com,ул. дружбыд.10 кв.149,3
89859783801,lerawr@kaut`er.com,1-Я карачаровскаЯ ул.д.22 кв.486,16
89687850410,buckridge.charles@yahoo.com,3-Я хорошювскаЯ ул.д.67 кв.488,3
89166509410,olin.ko`ey@cummerata.bi`,партийный пер.д.95 кв.162,10
89159040066,koch.elena@nikolaus.net,морскаЯ ул.д.7 кв.458,2
89366375677,marjory.mcglynn@gmail.com,ул. всеволода вишневскогод.40 кв.60,11
89297391250,cummerata.mireya@howell.com,сказочнаЯ ул.д.24 кв.238,13
89299068920,jamaal.`ieme@yahoo.com,хибинский пер.д.61 кв.315,24
89298497710,sbins@jacobi.org,красноказарменнаЯ наб.д.51 кв.11,17
89997503066,aidakl@altenwerth.info,н. переведеновскаЯ ул.д.70 кв.2,19
89196953066,kun`e.madisyn@gmail.com,георгиевский просп.д.36 кв.488,9
89016445330,xgulgowski@lang.info,1-й хуторской пер.д.1 кв.113,2
89157600250,jledner@yahoo.com,5-Я ул. новые садыд.68 кв.488,15
89067898510,dianna.weimann@simonis.bi`,ул. маросейкад.99 кв.325,19
89689892677,vgislason@powlowski.com,3-й дорожный пр.д.91 кв.298,9
89058479930,xkutch@schiller.com,ул. гурьЯновад.29 кв.15,12
89867754541,crist.aurelia@sipes.com,ул. 1812 годад.91 кв.73,2
89629104541,medhurst.brando@ohara.com,новопеределкинскаЯ ул.д.42 кв.237,6
89269923241,mona.bailey@kilback.com,автозаводскаЯ ул.д.58 кв.459,20
89259689141,vhammes@hotmail.com,ул. куусиненад.95 кв.82,5
89808017050,vrath@gmail.com,садовый пер.д.16 кв.337,23
89638865241,marquisrv@eichmann.com,1-й самоттчный пер.д.99 кв.301,15
89369198620,deontaeyb@larson.com,станционнаЯ ул.д.68 кв.391,11
89019208541,tyreek.krajcik@gmail.com,мЯсницкаЯ ул.д.17 кв.498,10
89627178401,quigley.brad@conn.com,ул. климашкинад.42 кв.264,17
89019313850,romaguera.carlee@hotmail.com,2-й пенЯгинский пр.д.35 кв.392,24
89668384930,vreinger@hotmail.com,1-й щемиловский пер.д.60 кв.36,5
89369194288,jason.runolfsson@yahoo.com,16-й км мкадд.1 кв.326,23
89107694098,khalid.koss@hotmail.com,плодороднаЯ ул.д.84 кв.236,5
89588099750,kennatw@gmail.com,радужнаЯ ул.д.46 кв.356,14
89168758650,`achariah.aufderhar@gmail.com,наб. новикова-прибоЯд.90 кв.266,3
89019406530,ford.lebsack@hand.com,синЯвинскаЯ ул.д.15 кв.292,7
89298440950,yabernathy@hotmail.com,еропкинский пер.д.69 кв.167,12
89678721266,dickens.mariano@daugherty.info,вишнкваЯ ул.д.83 кв.17,23
89998870188,ufahey@yahoo.com,ул. неверовскогод.74 кв.420,1
89668357188,uthompson@gaylord.com,ул. беллы ахмадулинойд.24 кв.172,6
89997215188,vbayer@yahoo.com,старокаширское ш.д.80 кв.148,3
89679493398,bernhard.haley@yahoo.com,8-Я ул. новые садыд.81 кв.492,18
89157672598,stokes.ronny@gmail.com,ул. красинад.92 кв.412,23
89998841030,hollie.corkery@kshlerin.com,пыжхвский пер.д.57 кв.316,12
89699335030,jackeline.kling@gmail.com,жулебинский пр.д.95 кв.42,13
89037120166,daugherty.wade@thompson.com,гончарнаЯ наб.д.38 кв.208,21
89366615030,beth`v@moen.com,дорожнаЯ ул.д.58 кв.302,9
89587619030,fatima.kutch@yahoo.com,цветочнаЯ ул.д.16 кв.185,19
89808767941,maryjane.ankunding@gerhold.com,шоссейнаЯ ул.д.47 кв.98,8
89836103166,von.kacey@hotmail.com,ул. дубовой рощид.43 кв.87,21
89267935166,constance.hackett@labadie.com,котлЯковскаЯ ул.д.1 кв.179,16
89588119741,mra`.clemmie@hotmail.com,вольнаЯ ул.д.8 кв.154,3
89806661588,burleyoi@koss.org,ул. барклаЯд.65 кв.286,21
89156758588,plemke@wunsch.com,мартеновскаЯ ул.д.4 кв.117,18
89689335941,stracke.warren@yahoo.com,ул. григориЯ александровад.70 кв.45,22
89266429377,melany.gottlieb@kuphal.com,б. косинскаЯ ул.д.18 кв.19,12
89019023498,autumnrq@rolfson.com,2-й институтский пр.д.25 кв.184,16
89586631741,joaquinsx@stoltenberg.net,ул. бориса пастернакад.37 кв.220,12
89067334388,khermiston@jacobi.com,астаховский мостд.60 кв.52,16
89366209830,arielle.cormier@hotmail.com,1-Я центральнаЯ ул.д.13 кв.21,19
89779345298,mlindgren@gmail.com,3-й км мкадд.59 кв.169,12
89777317977,earnestko@yundt.com,ул. россолимод.37 кв.236,22
89197862830,newton.dibbert@murphy.com,халтуринскаЯ ул.д.86 кв.79,12
89997051231,bahringer.jeremie@vonrueden.com,измайловскаЯ ул.д.80 кв.132,21
89678842121,turner.janae@yahoo.com,ул. фпдора полетаевад.54 кв.3,18
89037027007,augustine.renner@hotmail.com,ул. бочковад.72 кв.410,6
89778105452,quigley.brad@conn.com,ул. ленинад.79 кв.208,18
89869852890,yswaniawski@yahoo.com,1-Я прогоннаЯ ул.д.63 кв.264,11
89656474690,jherman@robel.com,1-Я ул. Ямского полЯд.9 кв.390,16
89629475990,jeff.boehm@quigley.net,гоголевский бульв.д.64 кв.203,17
89106854990,nbednar@gmail.com,м. харитоньевский пер.д.37 кв.337,24
89179792307,khalid.koss@hotmail.com,ул. молдагуловойд.89 кв.305,3
89016331019,jewellei@yahoo.com,ул. серпуховский валд.39 кв.408,1
89866171907,e`ekielps@lebsack.com,ул. бекетовад.93 кв.74,14
89857225207,labadie.salvador@gmail.com,олонецкий пр.д.43 кв.232,1
89868714019,madalynbv@gmail.com,2-Я миусскаЯ ул.д.80 кв.274,11
89367525107,uosinski@yahoo.com,2-Я новорублтвскаЯ ул.д.13 кв.150,15
89997941431,leonard.mosciski@greenholt.com,ул. русскаЯ деревнЯд.78 кв.404,9
89107537207,ekassulke@wiso`k.com,57-й км мкадд.33 кв.320,3
89648062887,soledadur@gorc`any.com,ул. антонова-овсеенкод.87 кв.472,12
89168997552,shana.abernathy@nienow.com,садовый пер.д.34 кв.438,13
89998008431,torp.clemens@gmail.com,железнодорожнаЯ ул.д.25 кв.22,2
89108559307,okon.gerda@mann.com,крюковский туп.д.57 кв.240,3
89017265907,fisher.estelle@stamm.com,ул. канторовичад.71 кв.61,15
89197725787,schulist.leta@hermann.com,зубарев пер.д.43 кв.208,6
89857029919,bobbyim@stamm.org,Яблонный пер.д.2 кв.198,21
89297257870,trishano@hotmail.com,рабочаЯ ул.д.35 кв.372,17
89587885507,her`og.martin@luettgen.com,пр. аэропортад.97 кв.231,6
89698984219,volkman.myrtis@hotmail.com,новаЯ ул.д.19 кв.151,20
89367494070,geovannyc`@gmail.com,ул. ильинкад.42 кв.56,4
89868643507,antwonef@hotmail.com,дорожнаЯ ул.д.62 кв.387,2
89666206507,dlarkin@hand.com,рЯбиноваЯ ул.д.20 кв.133,4
89856987421,king.bert@morar.org,ул. м. молчановкад.37 кв.179,10
89298599319,amparoxa@yahoo.com,6-Я фиалковаЯ ул.д.23 кв.51,8
89259475619,rutherford.orlando@borer.com,сосноваЯ ул.д.65 кв.467,14
89259844221,luettgen.elenor@gmail.com,садоваЯ ул.д.22 кв.53,11
89858997987,jordi.erdman@gmail.com,ул. писательские дачид.37 кв.117,22
89649664087,ismael``@yahoo.com,школьнаЯ ул.д.21 кв.483,9
89018893521,laneyaa@hotmail.com,ср. переЯславскаЯ ул.д.52 кв.465,4
89299222419,jacobson.raheem@hotmail.com,зоологический пер.д.41 кв.75,17
89999711807,tanya.hilpert@gmail.com,красносолнечнаЯ ул.д.34 кв.378,19
89197098521,corrine.yundt@gmail.com,заречнаЯ ул.д.3 кв.424,13
89858364807,bechtelar.travis@hotmail.com,ул. чернышевскогод.23 кв.54,2
89626743440,ischmidt@gmail.com,ипатьевский пер.д.83 кв.339,1
89156842331,addisonqy@yahoo.com,полеваЯ ул.д.21 кв.433,13
89266522331,charlie.thiel@yahoo.com,лагернаЯ ул.д.7 кв.400,18
89586586921,demarcusqj@davis.com,леснаЯ ул.д.30 кв.350,20
89169893252,konopelski.roberta@gmail.com,союзный просп.д.5 кв.365,4
89776548860,thelmatu@hotmail.com,кривоникольский пер.д.68 кв.188,14
89167737131,tbrekke@hansen.com,троицкаЯ ул.д.2 кв.361,23
89779076331,ahessel@gusikowski.com,сосинский пр.д.77 кв.441,14
89587429252,lon.weissnat@gusikowski.com,ул. герценад.46 кв.102,14
89588103519,amie.wyman@yahoo.com,строительнаЯ ул.д.11 кв.295,9
89199371519,nhudson@gmail.com,садовническаЯ ул.д.88 кв.28,8
89669807852,clemmie.jones@simonis.com,берхзоваЯ ул.д.56 кв.190,12
89366264540,vandervort.carmela@hotmail.com,ул. сенькино-1д.92 кв.429,22
89019985052,thagenes@lemke.com,валдайский пр.д.48 кв.328,3
89157450721,schumm.frieda@carroll.com,1-й новый пер.д.62 кв.75,23
89999246052,fdonnelly@yahoo.com,ремесленнаЯ ул.д.96 кв.384,8
89198535540,briana.rodrigue`@armstrong.net,гарднеровский пер.д.35 кв.13,24
89679536140,thelmamn@hotmail.com,ср. николопесковский пер.д.61 кв.263,21
89368307931,lschuppe@rodrigue`.com,4-й богородский пер.д.30 кв.181,2
89176770407,penelopewt@gmail.com,ул. льва Яшинад.84 кв.330,13
89676613470,gusikowski.billie@macejkovic.com,4-й киевский пер.д.36 кв.421,18
89157127821,leola.spencer@yahoo.com,магаданскаЯ ул.д.88 кв.331,4
89178523090,kurt.fay@yahoo.com,ул. б. ордынкад.7 кв.351,6
89808207152,cbarrows@gmail.com,крестьЯнский туп.д.91 кв.100,16
89367082470,stokes.ronny@gmail.com,кремльвский пр.д.27 кв.427,5
89267233531,gideongk@orn.com,б. косинскаЯ ул.д.76 кв.85,24
89019171531,adrianna.hirthe@hotmail.com,костомаровский пер.д.85 кв.243,17
89257512752,bkun`e@bartell.com,1-й лесной пер.д.32 кв.196,8
89698558360,alveramr@kulas.com,ипатьевский пер.д.4 кв.168,21
89177119819,rociohj@yahoo.com,107-й км мкадд.47 кв.70,24
89168250687,`oeyu@douglas.com,1-й новокузнецкий пер.д.43 кв.31,12
89197943390,rutherford.orlando@borer.com,дачный пр.д.87 кв.207,5
89068823819,jokeefe@schiller.com,ул. дыбенкод.56 кв.158,19
89999511270,lleannon@gmail.com,ул. аносовад.77 кв.333,3
89807622031,carlee.predovic@yahoo.com,западнаЯ ул.д.74 кв.375,6
89159760740,oconnell.brant@hotmail.com,каштановаЯ аллеЯд.62 кв.416,3
89999309031,alyson.ullrich@heaney.com,береговаЯ ул.д.77 кв.405,17
89259900587,estellor@beatty.com,ул. крузенштернад.85 кв.157,16
89626754740,francis.quit`on@wunsch.com,ул. маршала малиновскогод.95 кв.17,3
89169861587,christianagx@hotmail.com,74-й км мкадд.94 кв.9,6
89016025840,gkaut`er@prosacco.com,остаповский пр.д.48 кв.157,7
89156194631,streutel@gmail.com,ул. говоровад.80 кв.58,1
89867209587,fae.hirthe@hansen.net,пресненский пер.д.81 кв.345,22
89106740370,norwoodpj@wolff.com,м. знаменский пер.д.76 кв.258,22
89998173840,anahi.erdman@hotmail.com,фуркасовский пер.д.27 кв.322,3
89629022387,norma.balistreri@block.com,вспольный пер.д.79 кв.273,23
89369565290,wflatley@gutkowski.net,3-й дорожный пр.д.80 кв.94,15
89867920831,kkilback@gmail.com,ул. спиридоновкад.5 кв.37,21
89178722490,pcronin@hotmail.com,1-й дорожный пр.д.25 кв.87,4
89268387640,bpredovic@deckow.com,институтскаЯ ул.д.61 кв.332,2
89776619387,verlie.schmitt@mayer.com,краснопролетарскаЯ ул.д.88 кв.318,10
89996896991,brigittekr@champlin.com,арбатский пер.д.74 кв.457,19
89167888891,leonor.marquardt@smitham.org,васильевскаЯ ул.д.88 кв.464,2
89168429891,gkaut`er@prosacco.com,озюрнаЯ ул.д.19 кв.462,3
89656183006,gibson.lynn@kunde.com,ул. 1 маЯд.57 кв.210,9
89269975232,faustogy@will.com,железногорский пр.д.37 кв.338,6
89018769771,andreane.`ieme@stamm.com,леснаЯ ул.д.27 кв.88,7
89866346561,jcorkery@thiel.bi`,новаЯ ул.д.3 кв.253,19
89808016451,cleta.gusikowski@yahoo.com,трифоновский туп.д.98 кв.212,12
89808821011,vivien.tromp@harvey.com,1-й люберецкий пр.д.41 кв.267,9
89856147011,mmra`@hotmail.com,барышевскаЯ ул.д.68 кв.291,21
89776321306,mmra`@hotmail.com,москворецкаЯ наб.д.57 кв.304,1
89018692880,ijenkins@mcdermott.com,м. афанасьевский пер.д.38 кв.376,9
89368135306,sko`ey@gleason.com,сиреневаЯ ул.д.58 кв.233,16
89158245880,brown.norene@romaguera.com,1-Я барышевскаЯ ул.д.81 кв.335,7
89166757661,robin.quigley@her`og.com,музыкальный пр-дд.22 кв.302,16
89297332780,mason.hartmann@hotmail.com,ул. бехтеревад.54 кв.170,10
89269126432,hmurphy@gerlach.com,м. новопесковский пер.д.92 кв.118,11
89858834506,mosecj@hotmail.com,кустарнаЯ ул.д.56 кв.355,3
89256287791,effert`.brielle@hartmann.com,4-й км мкадд.35 кв.222,15
89696011191,rachelle.ferry@yahoo.com,новоселенский пер.д.33 кв.382,14
89587670606,alberta.spinka@yahoo.com,зелюный пер.д.50 кв.126,3
89777133311,vmarquardt@daugherty.com,саларьевскаЯ ул.д.27 кв.141,15
89256884422,marisol.medhurst@homenick.com,ул. улофа пальмед.28 кв.201,14
89256059791,gleichner.robyn@hotmail.com,серпуховский пер.д.19 кв.70,20
89858214422,eko`ey@nolan.com,ул. измайловский валд.57 кв.59,14
89867108211,xschaden@hotmail.com,ул. волхонкад.25 кв.196,20
89776866791,leland.hirthe@gmail.com,всехсвЯтский пр.д.95 кв.32,1
89777938422,arliexw@hotmail.com,банковский пер.д.87 кв.296,15
89016249311,rwiso`k@hotmail.com,леснаЯ ул.д.39 кв.81,4
89687017311,hudson.larissa@yahoo.com,ейскаЯ ул.д.12 кв.171,17
89857774911,hmurphy@gerlach.com,петровский пер.д.53 кв.62,18
89167219980,florida.robel@russel.com,запруднаЯ ул.д.38 кв.26,10
89668845080,briannevs@gmail.com,б. тихоновскаЯ ул.д.79 кв.33,12
89649763322,vincent.bartoletti@gmail.com,4-Я нововатутинскаЯ ул.д.17 кв.234,12
89297893611,kuhlman.alf@yahoo.com,верхнЯЯ аллеЯд.91 кв.45,7
89867604611,irunolfsdottir@mohr.bi`,6-й монетчиковский пер.д.66 кв.213,19
89266526411,laisha.mra`@gmail.com,ул. академика самарскогод.41 кв.2,20
89676209411,euna.gutkowski@yahoo.com,ул. макаренкод.15 кв.325,20
89179481061,cweber@erdman.org,болотнаЯ ул.д.23 кв.151,13
89269677061,germanij@hotmail.com,3-Я ул. новосклкид.57 кв.303,23
89157712251,oswaldo.bahringer@doyle.org,пл. генерала жадовад.95 кв.73,16
89869384251,labadie.beryl@anderson.net,3-Я скворцоваЯ ул.д.56 кв.273,11
89867918251,dickinson.rebeca@gmail.com,пречистенскаЯ наб.д.51 кв.439,13
89368245711,erickrw@gmail.com,3-Я институтскаЯ ул.д.44 кв.234,15
89268931711,maurineyd@harris.net,садоваЯ ул.д.57 кв.126,6
89658422351,powlowski.winifred@hotmail.com,вышгородскаЯ ул.д.67 кв.297,4
89777992143,wmills@gmail.com,пл. индиры гандид.58 кв.333,6
89099923243,casimir.tromp@hotmail.com,протопоповский пер.д.3 кв.105,5
89638749932,fvon@howell.net,5-й пр. марьиной рощид.43 кв.103,9
89649269722,ufahey@yahoo.com,1-й карачаровский пр.д.28 кв.154,24
89667150243,xryan@yahoo.com,широкаЯ ул.д.37 кв.245,5
89258245651,dkohler@hotmail.com,амурскаЯ ул.д.28 кв.223,23
89809627822,tokuneva@ernser.com,весцлаЯ ул.д.8 кв.452,11
89099737151,shirley.huel@gmail.com,рубежный пр.д.94 кв.494,2
89296189151,prutherford@wolf.bi`,эльдорадовский пер.д.63 кв.462,23
89998419280,urempel@yahoo.com,боровское ш.д.28 кв.226,12
89016123651,bernadettedj@hotmail.com,гостиничный пр.д.52 кв.120,3
89778314822,ykuvalis@bechtelar.org,ул. шолоховад.50 кв.492,5
89858566822,leoneqj@yost.com,ЯсеневскаЯ ул.д.87 кв.347,21
89868495951,mitchell.kris@yahoo.com,весеннЯЯ ул.д.70 кв.102,18
89696136961,kohler.harmon@yahoo.com,б. головин пер.д.61 кв.47,1
89676881261,jterry@koelpin.com,октЯбрьскаЯ ул.д.38 кв.465,11
89658298761,ysporer@yahoo.com,2-й западный пр.д.85 кв.338,6
89368622022,llewellynyw@gmail.com,6-Я клевернаЯ ул.д.95 кв.68,8
89297052022,tanya.hilpert@gmail.com,звенигородский пер.д.67 кв.242,18
89017279180,frederikdw@cartwright.com,люсиновскаЯ ул.д.45 кв.379,9
89256057022,kennaps@gmail.com,пулковскаЯ ул.д.69 кв.336,18
89867237022,eroberts@mohr.bi`,вЯземскаЯ ул.д.40 кв.473,17
89867087961,amayacv@hotmail.com,севастопольскаЯ ул.д.13 кв.464,9
89778407591,maryut@hotmail.com,ул. отчин колодецд.9 кв.262,16
89179772811,kub.olin@yahoo.com,абельмановскаЯ ул.д.62 кв.457,7
89647072811,vbayer@yahoo.com,ул. чайковскогод.21 кв.73,3
89996123961,cmohr@sporer.com,одинцовскаЯ ул.д.1 кв.435,19
89999872680,mckayla.murphy@wyman.com,светлаЯ ул.д.13 кв.93,13
89199761811,concepcion.schuster@hotmail.com,миргородский пр.д.25 кв.189,16
89859773680,clementinavx@reynolds.com,селезнхвскаЯ ул.д.13 кв.150,12
89256413811,althea.kshlerin@roob.bi`,новокузнецкаЯ ул.д.48 кв.334,19
89367744811,lbalistreri@cronin.com,делегатскаЯ ул.д.87 кв.27,12
89836447680,clarissa.hill@gmail.com,тестовскаЯ ул.д.46 кв.163,5
89587501761,uborer@schmitt.com,1-Я магистральнаЯ ул.д.91 кв.283,20
89866663032,june.kohler@gmail.com,ул. красовскогод.20 кв.6,16
89057304480,brigitteip@champlin.com,73-й км мкадд.24 кв.393,21
89298532480,riverif@gusikowski.net,ул. капотнЯд.84 кв.273,24
89838816271,hjones@collins.bi`,ул. м. Якиманкад.95 кв.98,16
89589949632,eleanora.heidenreich@sipes.org,нарышкинский пр.д.33 кв.275,3
89017896843,ecorwin@dickens.info,тюльпаннаЯ ул.д.1 кв.487,16
89859187832,ecorwin@dickens.info,каширское ш.д.9 кв.297,17
89777849971,christycd@hotmail.com,вишнЯковский пер.д.53 кв.53,8
89069248832,kohler.macy@yahoo.com,м. конюшковский пер.д.12 кв.60,8
89178344380,lon.weissnat@gusikowski.com,магазинный туп.д.73 кв.116,20
89369384291,kuhn.deven@feeney.com,2-й раушский пер.д.94 кв.373,6
89167950643,garrisonxs@prosacco.net,оболенский пер.д.26 кв.55,15
89998994732,wjohnston@macejkovic.info,центральнаЯ ул.д.70 кв.493,4
89668154643,erlingif@mayert.com,таможенный пр.д.19 кв.481,1
89298469380,amelie.hahn@effert`.com,гореловскаЯ ул.д.73 кв.74,20
89096906832,llangworth@senger.com,луганскаЯ ул.д.11 кв.366,20
89996026992,hlueilwit`@balistreri.info,вишнЯковский пер.д.65 кв.361,2
89366358779,heloise.turner@fritsch.com,ул. сенькино-4д.70 кв.432,24
89679650692,archibald.carter@gmail.com,хибинский пер.д.93 кв.300,21
89636154233,pearlie.bogisich@yahoo.com,ул. бориса петровскогод.83 кв.110,15
89669487992,daxos@hudson.com,подольскаЯ ул.д.65 кв.301,20
89696719233,casper.winifred@ritchie.info,первомайскаЯ ул.д.73 кв.456,12
89269899233,cassandre.mueller@barrows.org,таганскаЯ ул.д.86 кв.412,17
89368567233,timothydc@treutel.com,аллеЯ первой маэвкид.72 кв.108,4
89998280567,erlingyv@mayert.com,павелецкаЯ наб.д.25 кв.101,11
89267959567,june.schroeder@hotmail.com,минаевский пр.д.18 кв.259,18
89808874992,udenesik@gmail.com,5-Я сокольническаЯ ул.д.56 кв.77,3
89839884555,halvorson.brooklyn@gmail.com,ул. покровкад.80 кв.222,8
89628876013,clemmie.jones@simonis.com,новаЯ ул.д.27 кв.440,5
89658236108,shakiraxb@hotmail.com,радужнаЯ ул.д.5 кв.33,8
89589717108,roma.daugherty@gmail.com,педагогическаЯ ул.д.7 кв.172,2
89169944013,emard.gertrude@kilback.com,фруктоваЯ ул.д.87 кв.438,7
89107034781,rmueller@jacobi.com,совхознаЯ ул.д.61 кв.410,5
89866059667,bonnie.effert`@yundt.bi`,тверскаЯ ул.д.25 кв.286,19
89777795881,hchamplin@luettgen.com,ст. зыковский пр.д.7 кв.56,7
89258588433,ruecker.`echariah@moore.org,парковаЯ ул.д.8 кв.335,11
89297734881,rosalinda.jacobs@yahoo.com,пл. долматовскогод.82 кв.81,9
89857052908,careytt@miller.net,денисовский пер.д.92 кв.458,13
89659842313,rachel.friesen@bauch.com,леснаЯ ул.д.20 кв.15,21
89058843213,barbara.stanton@yahoo.com,ул. трофимовад.5 кв.203,11
89256147792,johanna.emard@lueilwit`.com,центральнаЯ ул.д.53 кв.323,6
89809033213,hiramyu@yahoo.com,м. бурцевский пер.д.68 кв.451,11
89667674213,kalepp@bayer.com,просп. маршала жуковад.62 кв.255,16
89268360608,christa.osinski@rolfson.com,ступинскаЯ ул.д.30 кв.479,23
89256176192,jacobson.raheem@hotmail.com,ул. варвары степановойд.61 кв.121,24
89368180608,harris.eva@terry.info,1-й пр. марьиной рощид.57 кв.434,18
89108735425,buckridge.hillary@mayer.com,106-й км мкадд.41 кв.278,10
89266056213,wblick@kirlin.com,грохольский пер.д.39 кв.261,1
89267790508,xchamplin@hamill.net,м. купавенский пр.д.73 кв.489,16
89256347425,welch.shania@yahoo.com,медвежьЯ ул.д.80 кв.110,21
89059737313,gilesgk@wunsch.org,библиотечный пр.д.14 кв.489,24
89268941792,magalijm@yahoo.com,санаторнаЯ ул.д.37 кв.474,21
89659152325,lillianaop@hotmail.com,ЯнварскаЯ ул.д.7 кв.433,15
89019632081,ymann@gmail.com,2-й пр. перова полЯд.76 кв.184,18
89368485113,lon`o.mohr@hotmail.com,ул. довженкод.64 кв.189,13
89856934413,norma.balistreri@block.com,наличнаЯ ул.д.59 кв.288,17
89068989525,schowalter.landen@schimmel.com,госпитальнаЯ пл.д.78 кв.187,5
89259579325,hodkiewic`.eliane@jenkins.com,б. юшуньскаЯ ул.д.93 кв.408,6
89257086808,deontaead@larson.com,м. бурцевский пер.д.95 кв.193,9
89299647867,elsa.wintheiser@franecki.org,57-й км мкадд.86 кв.405,23
89066256679,yboehm@bins.com,луговаЯ ул.д.25 кв.365,3
89777688067,jaskolski.mo`elle@gmail.com,челобитьевское ш.д.9 кв.118,7
89366528513,donavon.nienow@emard.net,поселковаЯ ул.д.53 кв.399,16
89296157679,dare.emiliano@hermann.com,солнечнаЯ ул.д.8 кв.427,7
89018857333,celia`w@shields.com,торговаЯ ул.д.90 кв.4,9
89676067855,uborer@schmitt.com,михалковскаЯ ул.д.83 кв.212,9
89058565625,pfannerstill.emelie@gmail.com,5-й войковский пр.д.44 кв.314,24
89587012142,glover.susie@yahoo.com,ул. павла корчагинад.16 кв.267,10
89169496625,gillianpm@gmail.com,рублрвское ш.д.26 кв.99,17
89106836142,lehner.demetris@casper.com,м. сухаревскаЯ пл.д.17 кв.11,3
89167843142,serenity.kaut`er@goldner.info,ракетный бульв.д.92 кв.477,4
89999188142,rhett.davis@goldner.bi`,серебрЯнический пер.д.19 кв.443,10
89159057242,tbuckridge@yahoo.com,глазовский пер.д.92 кв.237,3
89179667542,brennansp@gmail.com,м. оленьЯ ул.д.22 кв.273,15
89996115355,thaddeus.schumm@swift.bi`,гостиничнаЯ ул.д.35 кв.489,24
89866006725,christop.pollich@dare.info,потешнаЯ ул.д.22 кв.222,2
89778576855,heathcote.morton@runolfsson.bi`,2-Я новоизваринскаЯ ул.д.62 кв.155,11
89688867355,wmet`@hotmail.com,лубочный пер.д.53 кв.83,13
89807656408,blake.goyette@hotmail.com,горловский пр.д.97 кв.67,10
89367022367,burnicegc@gmail.com,кисельный туп.д.57 кв.335,3
89368302155,antonietta.mert`@boyer.bi`,бауманскаЯ ул.д.11 кв.140,3
89586292155,tyleru`@gmail.com,полеваЯ ул.д.63 кв.2,10
89199231155,monaxv@hotmail.com,вознесенский пр.д.37 кв.492,8
89108500655,merle.bogan@hotmail.com,перовский пр.д.56 кв.123,3
89999604281,pschult`@gmail.com,вишнщваЯ ул.д.91 кв.460,8
89856738155,sofia.oberbrunner@gmail.com,1-й ирининский пер.д.13 кв.340,11
89039027281,arnaldoyy@greenfelder.com,1-Я ул. бебелЯд.42 кв.316,14
89266045367,gutkowski.kyleigh@yahoo.com,леснаЯ ул.д.30 кв.26,1
89109074655,ratke.dangelo@yahoo.com,овражнаЯ ул.д.95 кв.29,9
89697857533,christiansen.anissa@hettinger.com,тарутинскаЯ ул.д.90 кв.401,1
89869020367,virginia.bins@gmail.com,глебовский мостд.2 кв.288,20
89859334955,alveraxc@kulas.com,городскаЯ ул.д.80 кв.56,10
89669104955,nicklausbb@gmail.com,ижорскаЯ ул.д.9 кв.133,11
89778949967,lenny.russel@yahoo.com,б. пироговскаЯ ул.д.72 кв.196,14
89868313467,faustosk@will.com,1-Я прогоннаЯ ул.д.81 кв.458,20
89668513267,bernadettent@hotmail.com,ул. исаака дунаевскогод.7 кв.369,19
89017401392,savanahff@hotmail.com,1-Я ул. 8 мартад.99 кв.122,6
89369062813,yabernathy@yahoo.com,комсомольскаЯ ул.д.32 кв.369,5
89017941813,fredy`g@gislason.com,полковаЯ ул.д.57 кв.110,6
89666789392,moshevs@stokes.com,озерковскаЯ наб.д.77 кв.375,15
89666653767,arnold.cassin@morar.com,1-Я ул. лесные полЯныд.35 кв.114,6
89689275767,rhiannon.wilderman@stracke.com,тверской пр.д.99 кв.141,8
89269807842,opheliatx@gmail.com,ул. газовиковд.7 кв.140,13
89367572167,elie`er.roob@yahoo.com,садовый пер.д.79 кв.491,13
89809117742,yolandaa`@gmail.com,1-Я фрезернаЯ ул.д.12 кв.180,11
89997208033,funk.maeve@hotmail.com,ул. гаудид.73 кв.470,9
89688655481,vincent.bartoletti@gmail.com,лесничий пр.д.64 кв.453,24
89368921481,arnaldohh@greenfelder.com,пр. б 4914д.60 кв.446,5
89869673633,steuber.nasir@hotmail.com,ул. газопроводд.75 кв.351,1
89367812633,merle.bogan@hotmail.com,хорошэвский туп.д.60 кв.318,4
89997695842,mra`.clemmie@hotmail.com,донецкаЯ ул.д.52 кв.404,9
89998868481,dallin.blick@gmail.com,2-й силикатный пр.д.15 кв.27,17
89998538481,ullrich.jameson@yahoo.com,сосинскаЯ ул.д.16 кв.450,7
89298711292,hagenes.terrance@yahoo.com,октЯбрьскаЯ ул.д.71 кв.2,15
89588211979,mueller.pansy@yahoo.com,4-й рушниковский пер.д.4 кв.222,9
89996710292,burnicequ@quit`on.com,нижн. красносельскаЯ ул.д.11 кв.266,16
89996970292,wileyfd@reichert.bi`,луговаЯ ул.д.72 кв.384,7
89779509642,ayden.nienow@abshire.bi`,ул. летовского ополчениЯд.54 кв.237,4
89177675833,lucasw`@hotmail.com,ул. исаака ньютонад.70 кв.370,10
89108715733,valentinech@waters.com,ул. илизаровад.65 кв.163,5
89777802979,durwardyf@yahoo.com,ул. 50 лет октЯбрЯд.74 кв.371,5
89697040492,kun`e.belle@rolfson.com,ул. нежностьд.98 кв.122,20
89197961235,mervinnt@hotmail.com,летниковскаЯ ул.д.7 кв.82,19
89999733205,kassulke.trent@gmail.com,ул. колмогоровад.2 кв.302,18
89997062205,johathandk@hotmail.com,авиамоторный пр.д.46 кв.451,2
89697114205,marks.emelia@goodwin.info,нижнЯЯ ул.д.96 кв.170,3
89268260886,pernser@hegmann.bi`,винницкаЯ ул.д.16 кв.323,11
89777235435,gutkowski.kyleigh@yahoo.com,9-Я парковаЯ ул.д.67 кв.41,5
89179570205,franecki.bonnie@harris.com,ул. академика семенихинад.62 кв.388,23
89108209553,jimmyrs@yahoo.com,тихоновскаЯ ул.д.26 кв.412,16
89777115786,stamm.issac@price.bi`,3-й обыденский пер.д.27 кв.404,23
89109899914,kub.olin@yahoo.com,1-Я сокольническаЯ ул.д.22 кв.481,10
89097024905,lillaay@hotmail.com,футбольнаЯ ул.д.78 кв.288,9
89857749872,gulgowski.felicita@marks.com,рождественский пер.д.59 кв.257,5
89636872072,pgrady@yahoo.com,челюскинскаЯ ул.д.39 кв.259,5
89259874214,lebsack.al@hotmail.com,ул. дорский ручейд.98 кв.283,4
89097831914,jedediah.farrell@mccullough.org,старорублЯвский мостд.57 кв.267,2
89996795424,rhiannon.wilderman@stracke.com,пр. в 4922д.27 кв.454,4
89866480505,sabina.price@yahoo.com,фитартвскаЯ ул.д.47 кв.111,15
89157914793,thiel.shaniya@schneider.info,звенигородский пер.д.80 кв.441,9
89667881872,welch.shania@yahoo.com,полеваЯ ул.д.11 кв.215,12
89018823872,medhurst.brando@ohara.com,2-Я горловскаЯ ул.д.92 кв.233,22
89808696793,shirley.huel@gmail.com,новосибирскаЯ ул.д.67 кв.101,23
89777774872,adahb`@hotmail.com,1-Я ул. шелепихид.83 кв.467,9
89268783872,macqw@gmail.com,1-Я барышевскаЯ ул.д.97 кв.368,15
89838013414,ivah.nit`sche@yahoo.com,сапорный пр.д.3 кв.74,19
89636418805,king.bert@morar.org,путейскаЯ ул.д.7 кв.186,1
89637728805,shyanne.parker@hotmail.com,ул. головачовад.48 кв.69,19
89296389086,coltenjq@yahoo.com,1-й волконский пер.д.17 кв.85,21
89587745224,amir.kris@hotmail.com,3-й восточный пер.д.58 кв.475,20
89018559114,eheidenreich@yahoo.com,ул. втораЯ пЯтилеткад.10 кв.417,9
89868299224,albertoxy@gmail.com,никитников пер.д.92 кв.498,11
89296702224,yabernathy@hotmail.com,б. кондратьевский пер.д.11 кв.255,4
89107155414,ecorwin@dickens.info,ул. куинджид.84 кв.168,15
89858751805,bturner@abbott.com,пр. черепановыхд.3 кв.325,1
89868674986,huels.aric@hotmail.com,удмуртскаЯ ул.д.69 кв.300,13
89998490062,donna.hessel@hotmail.com,2-й зачатьевский пер.д.36 кв.283,18
89269768924,dolly.bednar@daugherty.net,дальнЯЯ ул.д.15 кв.156,4
89257053062,mkling@wiso`k.com,баррикаднаЯ ул.д.23 кв.163,11
89099776062,veum.warren@gmail.com,балакиревский пер.д.85 кв.104,16
89107937514,pasquale.altenwerth@hotmail.com,верхнЯЯ ул.д.87 кв.475,6
89256458253,margarette.mann@walter.net,2-й мосфильмовский пер.д.55 кв.339,13
89686001862,xsanford@hotmail.com,столбоваЯ ул.д.60 кв.337,10
89109791862,yorti`@hotmail.com,ул. военное полед.20 кв.143,19
89059134353,wilford.harris@sporer.com,южнаЯ ул.д.33 кв.338,16
89199094144,carole.mura`ik@hotmail.com,садоваЯ-сухаревскаЯ ул.д.33 кв.225,22
89589808853,braedenef@yahoo.com,камчатскаЯ ул.д.34 кв.101,7
89299792053,aufderhar.larissa@gmail.com,савфловский пр.д.94 кв.398,13
89997825353,klabadie@upton.com,ул. пришвинад.93 кв.17,14
89368970244,lebsack.woodrow@gmail.com,поклоннаЯ ул.д.4 кв.25,14
89158769544,oterry@sauer.com,ул. радиод.16 кв.102,16
89778736405,ehermann@yahoo.com,вересковаЯ ул.д.50 кв.484,7
89017276405,elianww@gmail.com,3-й моравский пер.д.21 кв.428,7
89169203724,qmohr@hotmail.com,елисеевский пер.д.3 кв.369,23
89688117824,crist.ambrose@grant.net,первомайскаЯ ул.д.28 кв.315,14
89867061286,larkin.omer@hotmail.com,ул. пырьевад.14 кв.311,18
89998246093,ledner.olaf@hand.net,8-Я вишншваЯ ул.д.32 кв.87,9
89669430824,patrickva@hotmail.com,Яблонный пер.д.32 кв.81,10
89017380824,fwunsch@goyette.org,5-Я кабельнаЯ ул.д.13 кв.168,7
89107942824,beahan.juliana@yahoo.com,белокаменное ш.д.96 кв.187,5
89176558286,leffler.monroe@yahoo.com,фармацевтический пр.д.44 кв.420,10
89996359535,marlin.bernier@hotmail.com,кудринскаЯ пл.д.23 кв.282,7
89666366472,fdonnelly@yahoo.com,ул. лаптевад.38 кв.457,3
89809980472,ivah.nit`sche@yahoo.com,лефортовскаЯ наб.д.58 кв.491,5
89166694953,isomec@littel.net,1-Я останкинскаЯ ул.д.30 кв.221,8
89859505024,lynch.chasity@abbott.bi`,перервинский бульв.д.22 кв.135,2
89267445262,alind@hotmail.com,ул. молодцовад.59 кв.64,4
89588947024,koch.elena@nikolaus.net,2-Я бауманскаЯ ул.д.89 кв.77,17
89297508593,randerson@johns.org,офицерскаЯ ул.д.57 кв.337,23
89778355762,effert`.ernestina@yahoo.com,леснаЯ ул.д.73 кв.308,1
89998930462,hudson.larissa@yahoo.com,ул. эдуарда стрельцовад.61 кв.207,20
89996067393,rglover@glover.com,лечебнаЯ ул.д.49 кв.271,4
89067759462,russel.corene@gmail.com,1-Я лазурнаЯ ул.д.52 кв.461,18
89017793486,tbuckridge@yahoo.com,12-й пр. марьиной рощид.57 кв.14,7
89178152162,chase`w@gmail.com,прибрежнаЯ ул.д.81 кв.323,13
89628694272,enrico.nienow@yahoo.com,ореховаЯ ул.д.36 кв.132,15
89168752272,cleta.gusikowski@yahoo.com,технический пер.д.35 кв.437,8
89178513372,caroline.green@gmail.com,гжельский пер.д.24 кв.8,20
89999060586,larkin.omer@hotmail.com,ул. маЯковскогод.11 кв.249,15
89098219744,hlarson@stracke.bi`,4-Я павлоградскаЯ ул.д.2 кв.62,11
89868218635,jaltenwerth@yahoo.com,ул. нижн. масловкад.81 кв.21,19
89266655372,hwill@gmail.com,новаЯ пл.д.67 кв.179,1
89589286586,jgulgowski@gmail.com,3-Я скворцоваЯ ул.д.68 кв.499,20
89999573635,carolyne.labadie@hotmail.com,ул. марии поливановойд.96 кв.339,12
89777406744,piperqt@schulist.com,2-й новокузнецкий пер.д.35 кв.160,16
89999975844,verlierp@hotmail.com,песочный пер.д.65 кв.29,15
89667717635,hcummings@becker.org,ул. докукинад.75 кв.19,12
89997566844,daphne.stiedemann@oreilly.com,б. гнездниковский пер.д.94 кв.319,8
89999737372,eko`ey@nolan.com,коломенское ш.д.56 кв.102,22
89648358372,juliana.walsh@yahoo.com,м. каменный мостд.12 кв.63,19
89176479044,ken.kuhic@leuschke.com,садоваЯ ул.д.4 кв.61,5
89169163572,sigmund.friesen@ratke.com,западнаЯ ул.д.15 кв.135,15
89168080386,raeia@leuschke.org,зубарев пер.д.71 кв.234,3
89367350128,bgutmann@wi`a.com,золотаЯ ул.д.99 кв.380,19
89259063002,raymundo.fay@toy.com,съезжинский пер.д.97 кв.65,10
89256796128,juliana.walsh@yahoo.com,2-й богатырский пер.д.40 кв.8,21
89996976128,amonahan@gleason.com,полеваЯ ул.д.41 кв.66,13
89056597995,elissaux@yahoo.com,кореннаЯ ул.д.90 кв.391,10
89167075128,branson.bruen@gmail.com,делегатскаЯ ул.д.13 кв.144,15
89367157236,evert.harvey@romaguera.com,рЯзановское ш.д.77 кв.240,14
89109774775,hollie.reinger@gmail.com,ул. юлиуса фучикад.94 кв.100,10
89367083695,fbradtke@gmail.com,золоторожскаЯ ул.д.84 кв.185,1
89997256775,qtorphy@larson.bi`,светлаЯ ул.д.7 кв.322,17
89866692695,magnuscg@keeling.com,2-Я прЯдильнаЯ ул.д.50 кв.473,6
89176161895,tillman.lauren@hotmail.com,шарикоподшипниковскаЯ ул.д.59 кв.52,17
89667808454,petece@hotmail.com,талдомскаЯ ул.д.28 кв.242,6
89156537454,ngreenfelder@hayes.org,1-Я ул. измайловского зверинцад.34 кв.450,15
89266838454,muller.dorothea@bogan.bi`,ул. фЯдора дубовицкогод.11 кв.194,2
89999866902,kuhn.bennett@will.com,коммунарскаЯ ул.д.44 кв.79,3
89107167885,braedenuv@yahoo.com,изумруднаЯ ул.д.11 кв.16,17
89778938902,pinkby@hotmail.com,4-й новобурцевский пер.д.13 кв.313,6
89589841202,marcelino.ferry@yahoo.com,севернаЯ ул.д.62 кв.307,21
89178528785,roderick.krajcik@yahoo.com,70-й км мкадд.1 кв.90,22
89267982202,lillianafh@armstrong.com,госпитальнаЯ пл.д.36 кв.35,2
89589313102,amie.wyman@yahoo.com,1-й котельнический пер.д.35 кв.415,23
89646083302,champlin.cletus@yahoo.com,центральнаЯ ул.д.85 кв.361,18
89586234436,monty.wolf@gleason.net,попов пр.д.12 кв.305,13
89809240902,nkuvalis@cummerata.info,ул. мичуринад.96 кв.458,9
89996952902,koss.alfredo@dare.com,симферопольский пр.д.58 кв.267,2
89109106436,weissnat.alexa@hotmail.com,поперечный просекд.47 кв.203,21
89779112315,amiyadf@swaniawski.org,ксеньинский пер.д.25 кв.142,6
89269118302,ivah.nit`sche@yahoo.com,апраксинский пер.д.54 кв.199,1
89998381215,etowne@miller.com,102-й км мкадд.45 кв.374,13
89656479075,abdullah.bernier@fritsch.com,2-Я брестскаЯ ул.д.50 кв.403,11
89257916195,quigley.fran`@medhurst.org,ул. раговод.73 кв.412,24
89858079215,ybaumbach@larkin.com,1-й северный пер.д.54 кв.137,11
89036724075,addisonvd@yahoo.com,ул. василиЯ аксщновад.42 кв.210,8
89589724075,daniel.braden@macejkovic.com,восточнаЯ ул.д.58 кв.460,17
89167096315,lola.torphy@schulist.bi`,криворожский пр.д.5 кв.475,23
89157067502,ratke.dangelo@yahoo.com,тургеневскаЯ пл.д.77 кв.353,18
89017116502,cmohr@sporer.com,заревый пр.д.70 кв.76,21
89177802602,hiramaw@yahoo.com,2-й дачно-мещерский пр.д.6 кв.191,9
89178684875,marvin.guillermo@yahoo.com,новооскольскаЯ ул.д.43 кв.109,22
89108744915,dickens.mariano@daugherty.info,70-й км мкадд.3 кв.318,1
89157047315,kasandrawb@hotmail.com,цветочнаЯ ул.д.53 кв.476,11
89866359428,hlarson@stracke.bi`,школьнаЯ ул.д.21 кв.204,13
89586208985,heber.tremblay@friesen.com,б. почтоваЯ ул.д.46 кв.347,6
89649137802,shaniay`@howell.com,м. дорогомиловскаЯ ул.д.74 кв.275,9
89867777115,gusikowski.jewell@jast.info,дубравнаЯ ул.д.9 кв.18,12
89859506085,turner.wiegand@deckow.com,16-й км мкадд.72 кв.328,7
89866904328,schmeler.jerrod@deckow.com,плавский пр.д.66 кв.472,23
89016628115,stroman.marianne@gmail.com,дунайскаЯ ул.д.69 кв.259,10
89587106328,legros.cathrine@gmail.com,1-Я изумруднаЯ ул.д.72 кв.317,16
89666543528,waters.ed@`emlak.net,3-й колобовский пер.д.28 кв.466,1
89368555328,rhayes@glover.com,истринскаЯ ул.д.29 кв.269,13
89998340415,mueller.pansy@yahoo.com,64-й км мкадд.76 кв.347,9
89996220065,amari.reichert@yahoo.com,4-й котельнический пер.д.61 кв.128,14
89198397328,gleichner.robyn@hotmail.com,зелмнаЯ ул.д.7 кв.119,21
89036306675,dwintheiser@gmail.com,декоративнаЯ ул.д.79 кв.164,7
89158542136,peggie.hickle@yahoo.com,москворецкаЯ ул.д.16 кв.285,1
89589738928,lrippin@gmail.com,1-й неопалимовский пер.д.5 кв.144,5
89588745515,soledadeb@gorc`any.com,1-й очаковский пер.д.28 кв.275,2
89997975254,mitchell.ottilie@donnelly.com,ул. свободыд.37 кв.273,14
89776368136,rachelle.ferry@yahoo.com,первомайский пер.д.31 кв.98,6
89999990928,haag.elliot@gmail.com,детскаЯ ул.д.85 кв.238,13
89269351865,ryan.hanna@yahoo.com,житнаЯ ул.д.51 кв.52,4
89658177854,cbarrows@gmail.com,пушкинскаЯ пл.д.43 кв.362,12
89656418854,etowne@miller.com,пуговишников пер.д.35 кв.46,3
89107824354,langosh.amos@jacobi.com,м. калитниковский пр.д.57 кв.411,3
89997131936,eliannn@gmail.com,ул. громовад.84 кв.499,16
89998670854,ygrimes@lang.net,коломенское ш.д.93 кв.429,8
89868038147,carter.mac@yahoo.com,шарикоподшипниковскаЯ ул.д.36 кв.473,10
89997861402,altenwerth.jarrett@conn.org,2-й ширЯевский пер.д.13 кв.107,11
89038760547,ebartell@hotmail.com,рыбный пер.д.70 кв.268,7
89679102402,joaquinhm@stoltenberg.net,1-й красносельский пер.д.75 кв.369,23
89586450936,hill.annabelle@yahoo.com,железнодорожнаЯ ул.д.95 кв.460,15
89587896728,boyle.ulices@cummings.info,ул. полины осипенкод.81 кв.454,9
89197425936,grussel@gmail.com,б. семуновскаЯ ул.д.8 кв.85,14
89997257354,rhea`a@renner.com,ЯгоднаЯ ул.д.39 кв.47,7
89998839954,francisaw@yahoo.com,дорожнаЯ ул.д.1 кв.463,10
89779931954,vhammes@hotmail.com,басовскаЯ ул.д.54 кв.20,16
89808721365,cartwright.ada@yahoo.com,полимернаЯ ул.д.66 кв.352,22
89058458154,x`ulauf@howe.bi`,ул. маршала федоренкод.49 кв.188,4
89198408285,marvin.llewellyn@hotmail.com,ул. серовад.84 кв.66,14
89639199365,cassidyhf@yahoo.com,нагорнаЯ ул.д.94 кв.144,24
89777681754,arnoldqv@yahoo.com,красноворотский пр.д.40 кв.319,16
89996341265,elarson@brekke.com,трубниковский пер.д.16 кв.461,1
89037320028,chasevs@gmail.com,3-й хуторской пер.д.14 кв.180,17
89688712185,harvey.garrick@yahoo.com,м. каретный пер.д.88 кв.153,20
89856223185,ibeer@hotmail.com,м. каменный мостд.12 кв.262,14
89996619685,pschult`@gmail.com,вишншваЯ ул.д.35 кв.420,9
89018801685,ahoeger@yahoo.com,ул. сенькино-3д.20 кв.366,7
89868526165,vbraun@yahoo.com,ул. пикассод.8 кв.384,3
89997023375,ijaskolski@gmail.com,33-й км мкадд.57 кв.179,11
89017883585,stella.gerlach@bayer.com,м. демидовский пер.д.98 кв.488,15
89697208275,kkilback@gmail.com,ул. алессандро вольтад.25 кв.440,24
89067934847,mkling@wiso`k.com,сахалинскаЯ ул.д.95 кв.224,6
89997151747,boyle.wilhelmine@gmail.com,гостиничнаЯ ул.д.99 кв.281,18
89678721747,hwill@gmail.com,новороссийскаЯ ул.д.16 кв.144,18
89266442385,dibbert.chloe@gmail.com,серебрЯническаЯ наб.д.52 кв.472,9
89698572385,gupton@gmail.com,заводскаЯ ул.д.64 кв.159,12
89667772295,ecassin@gerlach.net,новоорловскаЯ ул.д.70 кв.104,3
89697765295,hermanncy@considine.bi`,майскаЯ ул.д.76 кв.361,7
89998066575,steuber.grant@hotmail.com,гумилювский б-рд.97 кв.49,3
89636687575,kaitlyncf@schoen.bi`,1-й богородский пер.д.34 кв.132,4
89806717575,elangosh@gmail.com,открытое ш.д.52 кв.62,8
89259862647,sabrinaqj@reinger.com,ул. цюрупыд.93 кв.45,20
89657277385,amie.wyman@yahoo.com,садовнический мостд.43 кв.80,15
89257420897,rey.emard@hotmail.com,3-й богородский пер.д.6 кв.464,3
89678809126,turner.janae@yahoo.com,ул. гагаринад.96 кв.143,15
89586311346,igusikowski@hotmail.com,зосимовскаЯ ул.д.65 кв.263,24
89999972568,schaefer.keanu@hotmail.com,мартовскаЯ ул.д.21 кв.423,4
89837912459,pollich.loren`@boyer.com,загорьевскаЯ ул.д.97 кв.482,18
89996468697,kling.evelyn@reilly.com,ул. савельевад.35 кв.167,24
89259877568,elenoraqy@yahoo.com,4-й хуторской пер.д.97 кв.374,14
89096408239,clementinaor@gmail.com,подмосковнаЯ ул.д.98 кв.469,17
89257199346,torrey.klocko@hotmail.com,тессинский пер.д.85 кв.50,7
89779896897,claudia.orti`@gmail.com,битцевский пр.д.28 кв.382,10
89266028459,myron.hahn@beahan.org,воловьЯ ул.д.52 кв.1,7
89779289909,darron.lynch@parker.com,ул. генерала дороховад.22 кв.489,14
89996245209,rgreen@kaut`er.info,ул. маршала соколовскогод.7 кв.180,21
89778478109,brocklt@connelly.com,5-Я чоботовскаЯ аллеЯд.28 кв.451,19
89367126109,mra`.clemmie@hotmail.com,6-Я клевернаЯ ул.д.7 кв.402,14
89868439109,ohara.cleo@hotmail.com,заводскаЯ ул.д.81 кв.387,12
89059171439,kpadberg@walsh.bi`,ул. кутузовад.7 кв.16,20
89777435309,ikessler@hotmail.com,солнечнаЯ ул.д.79 кв.416,24
89996510076,wuckert.audrey@gmail.com,стремЯнный пер.д.46 кв.279,23
89689910797,kuhic.miguel@treutel.com,пасечнаЯ ул.д.31 кв.254,5
89628244318,habshire@wi`a.com,ул. зои воскресенскойд.7 кв.253,20
89868551197,sydneynn@casper.com,4-Я сокольническаЯ ул.д.38 кв.353,23
89157290609,breilly@smitham.com,татарскаЯ ул.д.60 кв.226,21
89019860609,kennedirm@yahoo.com,ул. панфиловад.79 кв.79,19
89778723318,clang@schneider.net,1-й вЯзовский пр.д.58 кв.368,3
89367364218,emosciski@dare.com,полеваЯ ул.д.65 кв.325,21
89266738197,jacobson.eula@hamill.com,37-й км мкадд.94 кв.76,5
89178186218,merle.bogan@hotmail.com,ул. александры монаховойд.77 кв.456,24
89666350218,mo`ellesm@hotmail.com,столовый пер.д.63 кв.338,18
89859404797,cronin.bernardo@becker.com,14-й км мкадд.57 кв.277,3
89368784609,bshields@yahoo.com,1-й дунайский пер.д.33 кв.68,8
89837456618,eichmann.kacie@yahoo.com,83-й км мкадд.40 кв.226,13
89676823082,amayadw@hotmail.com,новоЯсеневский просп.д.58 кв.458,8
89997357118,ycarroll@upton.com,минскаЯ ул.д.1 кв.364,3
89778609082,martinexr@yahoo.com,6-Я севернаЯ линиЯд.50 кв.456,14
89367208709,merle.bogan@hotmail.com,инженернаЯ ул.д.72 кв.480,20
89259299709,novella.orti`@hotmail.com,манежнаЯ ул.д.65 кв.220,13
89197583526,erlingax@mayert.com,пр. воскресенские воротад.87 кв.399,9
89666314709,dorthy.graham@yahoo.com,луганскаЯ ул.д.31 кв.91,10
89997294618,stiedemann.erica@lang.com,технический пр.д.21 кв.497,11
89067146709,siennaad@harris.com,наб. ганнушкинад.56 кв.374,4
89696389326,alfreda.wuckert@cummerata.com,астрадамскаЯ ул.д.34 кв.169,2
89266194809,bahringer.hassie@gmail.com,центральнаЯ ул.д.5 кв.207,22
89106619926,hansen.thea@volkman.bi`,пл. журавлфвад.18 кв.151,13
89159721259,donny.frami@gmail.com,лефортовскаЯ пл.д.62 кв.70,16
89036548926,dianna.weimann@simonis.bi`,спасскаЯ ул.д.56 кв.497,13
89299417868,oconnell.brant@hotmail.com,3-й хуторской пер.д.38 кв.446,19
89018975518,heloise.turner@fritsch.com,пыхов-церковный пр.д.30 кв.38,17
89366168139,nedra.wilderman@orn.com,солнечнаЯ ул.д.53 кв.73,2
89587537518,mueller.triston@hotmail.com,стрелецкаЯ ул.д.30 кв.420,5
89037611868,lindsayor@yahoo.com,школьнаЯ ул.д.87 кв.424,17
89867318446,franecki.haskell@mills.com,ул. просвещениЯд.66 кв.35,20
89658276868,welch.nathanael@price.com,рЯбиноваЯ ул.д.78 кв.354,12
89807608339,tregg@lueilwit`.info,хрустальный пер.д.41 кв.131,4
89866387859,shanahan.eleonore@hotmail.com,ул. болотниковад.96 кв.475,24
89167211246,salvadory`@hotmail.com,дачный пр.д.38 кв.79,13
89776144146,obergnaum@yahoo.com,4-Я железногорскаЯ ул.д.76 кв.74,9
89996721939,madalyn.dickinson@gmail.com,фигурный пер.д.48 кв.109,23
89268030859,swaniawski.breanne@paucek.bi`,глазовский пер.д.63 кв.187,12
89368175359,mann.vita@krajcik.bi`,пруднаЯ ул.д.32 кв.350,13
89299492859,ohara.john@willms.net,международное ш.д.81 кв.18,17
89068471726,gabrielle.harris@yahoo.com,ул. архитектора власовад.89 кв.320,21
89777249409,yorti`@hotmail.com,зелрнаЯ ул.д.81 кв.214,17
89156669959,rachelop@klocko.org,ул. шумиловад.33 кв.310,16
89588494159,christiansen.lambert@stroman.com,садоваЯ-сухаревскаЯ ул.д.78 кв.55,3
89869862097,donnaih@skiles.com,3-Я нововатутинскаЯ ул.д.6 кв.208,22
89776630659,fgerlach@hotmail.com,студенческаЯ ул.д.61 кв.306,18
89266731959,bill.kris@boyer.info,сколковское ш.д.66 кв.184,11
89298979159,constance.hackett@labadie.com,речнаЯ ул.д.3 кв.487,1
89658227097,christophertt@botsford.com,таганскаЯ ул.д.44 кв.306,13
89647304097,lind.patrick@jakubowski.com,алымова ул.д.1 кв.476,7
89108290539,imccullough@dickens.com,советскаЯ ул.д.19 кв.465,15
89999939759,leathaih@gottlieb.bi`,котельническаЯ наб.д.71 кв.384,4
89587832826,jokeefe@schiller.com,слободской пер.д.67 кв.91,7
89586303659,mills.weston@beahan.com,верх. борисовский мостд.16 кв.94,9
89869008476,kemmer.peter@yahoo.com,3-й северный пер.д.91 кв.292,1
89368567368,lowell.her`og@harber.net,челобитьевское ш.д.42 кв.457,16
89256983468,hollie.reinger@gmail.com,доброслободскаЯ ул.д.73 кв.180,8
89776518818,sydneybb@casper.com,пречистенскаЯ наб.д.23 кв.494,9
89069704182,delpha.dooley@yahoo.com,парковаЯ ул.д.25 кв.384,7
89647513026,burnicenn@yahoo.com,апрельскаЯ ул.д.17 кв.281,24
89997405597,jakubowski.neva@gmail.com,4-й сыромЯтнический пер.д.62 кв.240,7
89256743182,miller.`etta@gmail.com,1-й дербеневский пер.д.34 кв.136,16
89368646026,randerson@johns.org,тенистый пр.д.48 кв.147,9
89807736182,casimir.tromp@hotmail.com,захарьинскаЯ ул.д.33 кв.98,16
89176865268,oran.torp@yahoo.com,ул. воронцово полед.60 кв.140,17
89106966468,qsawayn@hotmail.com,старопотаповскаЯ ул.д.14 кв.364,7
89837892968,jackeline.kling@gmail.com,ул. энгельсад.49 кв.434,13
89298138397,icruickshank@yahoo.com,1-й пр. леоновад.74 кв.228,13
89866024276,kathlynxw@gmail.com,ул. мичуринад.14 кв.256,7
89367675276,psipes@hotmail.com,хлебобулочный пр.д.53 кв.293,1
89589944276,`boncak.esmeralda@klocko.com,5-й самоцветный пер.д.46 кв.446,7
89629020582,angelita.weimann@gmail.com,настасьинский пер.д.30 кв.232,9
89626874482,martinahe@gusikowski.com,1-й рабочий пер.д.19 кв.492,5
89176343582,sydney.russel@paucek.bi`,7-Я парковаЯ ул.д.1 кв.131,12
89099933639,xkutch@schiller.com,садоваЯ-каретнаЯ ул.д.26 кв.142,7
89099474639,brycets@wolf.info,электролитный пр.д.29 кв.25,12
89158295846,`aufderhar@hotmail.com,3-Я радиальнаЯ ул.д.60 кв.132,4
89038581297,hbeahan@gmail.com,6-й загородный пр.д.39 кв.316,7
89299839839,bshields@yahoo.com,павелецкаЯ пл.д.79 кв.283,8
89106614297,monte.fadel@yahoo.com,кооперативнаЯ ул.д.84 кв.495,4
89199400839,rahsaan.walter@schaefer.com,луговаЯ ул.д.83 кв.231,15
89868770839,hstracke@hotmail.com,уральскаЯ ул.д.45 кв.53,3
89259334497,guillermo.beer@yahoo.com,1-Я скворцоваЯ ул.д.72 кв.50,8
89016561839,nolan.katrina@yahoo.com,ул. бориса житковад.41 кв.352,16
89658791839,gibson.victor@predovic.com,5-Я внуковскаЯ ул.д.76 кв.405,4
89637544976,emelia.roob@bins.net,западнаЯ ул.д.11 кв.489,1
89098569994,koch.levi@hotmail.com,подольскаЯ ул.д.10 кв.134,22
89857556694,borer.danny@yahoo.com,зеланый пер.д.18 кв.194,1
89777123003,rosalinda.brown@hudson.bi`,2-Я севернаЯ ул.д.75 кв.375,5
89178025563,donavon.nienow@emard.net,ул. архитектора белопольскогод.16 кв.48,1
89179494238,damion.hauck@veum.com,бабаевскаЯ ул.д.1 кв.397,24
89999001563,luciops@wuckert.com,ул. беллы ахмадулинойд.74 кв.191,18
89808624774,vkoepp@gmail.com,партизанскаЯ ул.д.46 кв.244,23
89858065348,hlarson@stracke.bi`,б. козихинский пер.д.52 кв.339,13
89269600994,tdouglas@gleason.org,леснаЯ ул.д.9 кв.178,1
89269360458,lcorwin@gmail.com,пер. красинад.50 кв.235,18
89998564558,oran.torp@yahoo.com,пр-кт купринад.77 кв.213,1
89267636903,oconnell.brant@hotmail.com,заводскаЯ ул.д.95 кв.451,5
89869680016,lutherql@gmail.com,4-й северный пер.д.53 кв.294,21
89637924103,x`avierhb@yahoo.com,городскаЯ ул.д.88 кв.307,5
89589485103,erica.daugherty@kemmer.com,трудоваЯ ул.д.45 кв.221,12
89098563558,lysanne`w@dooley.com,наб. ганнушкинад.95 кв.212,8
89646014438,jgulgowski@gmail.com,ул. еланскогод.27 кв.262,1
89198057203,tianaae@gmail.com,музыкальный пр-дд.86 кв.286,5
89777415884,alicemk@yahoo.com,южнаЯ ул.д.84 кв.255,20
89069446784,yolandaji@gmail.com,51-й км мкадд.75 кв.494,2
89368891216,yasmine.champlin@brown.com,даниловский пер.д.72 кв.33,20
89657844503,haufderhar@yahoo.com,октЯбрьскаЯ ул.д.8 кв.217,16
89779289874,tyreek.hartmann@bergnaum.com,ул. краснаЯ преснЯд.81 кв.386,13
89659283427,everettuw@yost.com,1-й богородский пер.д.40 кв.498,9
89038581194,rubie.okeefe@yahoo.com,живописнаЯ ул.д.45 кв.387,2
89638929074,tommiewx@yahoo.com,ул. 40 лет октЯбрЯд.83 кв.407,14
89018440874,vkoepp@gmail.com,учительскаЯ ул.д.43 кв.380,17
89668429503,ybaumbach@larkin.com,хоромный туп.д.3 кв.453,16
89368017603,darron.bosco@yahoo.com,вишнаваЯ ул.д.90 кв.46,1
89687713416,savanahuu@hotmail.com,воронцовскаЯ ул.д.75 кв.91,17
89997377116,amonahan@gleason.com,4-Я внуковскаЯ ул.д.85 кв.325,6
89859530703,geoda@gorc`any.org,островнаЯ ул.д.57 кв.321,3
89998124227,abeer@hotmail.com,озерковскаЯ наб.д.2 кв.307,1
89016389227,urempel@yahoo.com,3-Я хорошщвскаЯ ул.д.38 кв.258,8
89586573984,acollins@stoltenberg.info,ковров пер.д.12 кв.109,15
89198171703,raevn@leuschke.org,радужнаЯ ул.д.99 кв.327,16
89058344516,gleichner.robyn@hotmail.com,пл. краснопресненскаЯ заставад.27 кв.391,1
89857114516,harris.eva@terry.info,ул. блеза паскалЯд.57 кв.186,6
89169635674,mra`.kenyatta@yahoo.com,леснаЯ ул.д.92 кв.474,24
89996257138,boyle.bobby@spinka.com,дачнаЯ ул.д.5 кв.398,22
89366946063,sandy.connelly@kirlin.com,б. златоустинский пер.д.6 кв.295,22
89259860674,emosciski@dare.com,36-й км мкадд.87 кв.143,2
89257302258,x`aviercw@yahoo.com,лыщиков пер.д.87 кв.463,10
89368293138,clarissa.hill@gmail.com,сокольнический пер.д.49 кв.222,17
89857728063,fgutmann@hotmail.com,берэзоваЯ аллеЯд.51 кв.62,4
89106088138,lyla.hansen@hotmail.com,ул. мастерковад.4 кв.279,4
89778406338,retasx@hotmail.com,ул. батюшковад.24 кв.444,12
89369520863,alexandrer`@bradtke.com,пл. академика вишневскогод.52 кв.314,13
89669493338,rodrigo.lehner@crist.com,азовскаЯ ул.д.82 кв.16,22
89058646338,qbeier@smith.com,ул. щепкинад.4 кв.72,2
89097197927,dbeer@friesen.com,3-й хорошйвский пр.д.41 кв.402,24
89176558138,reynolds.mona@hotmail.com,м. трчхсвЯтительский пер.д.24 кв.168,10
89838068258,alowe@goyette.com,солнечнаЯ ул.д.11 кв.361,23
89196372674,vmarquardt@daugherty.com,ул. горожанкинад.30 кв.345,7
89178941863,luettgen.adam@runolfsdottir.com,ул. игорЯ численкод.38 кв.487,4
89168305927,fionawx@hotmail.com,халтуринскаЯ ул.д.25 кв.382,8
89997870448,kfriesen@gmail.com,планернаЯ ул.д.38 кв.434,6
89036759448,lrippin@gmail.com,очаковскаЯ ул.д.29 кв.257,13
89779162358,terrell.lind@hotmail.com,2-й люберецкий пр.д.44 кв.162,23
89267308938,mcglynn.henry@yahoo.com,2-й пенЯгинский пр.д.54 кв.254,23
89198146627,vaughnqt@gmail.com,мирнаЯ ул.д.71 кв.132,19
89177833058,qschroeder@yahoo.com,луговаЯ ул.д.88 кв.38,6
89776901938,carsonqr@hotmail.com,георгиевский просп.д.44 кв.102,18
89268005248,ebartell@hotmail.com,ул. пивченковад.71 кв.45,21
89368995148,anderson.mike@carroll.org,4-й ростовский пер.д.43 кв.119,21
89778433548,mosciski.emmalee@gmail.com,наставнический пер.д.37 кв.376,5
89056061403,vrath@gmail.com,мЯчковский бульв.д.41 кв.201,5
89999985403,margaretta.kshlerin@schinner.bi`,ул. полЯнкад.67 кв.193,2
89176418248,christiansen.lambert@stroman.com,м. броннаЯ ул.д.62 кв.54,14
89688048248,dorthy.orn@hotmail.com,мансуровский пер.д.5 кв.63,23
89866495858,jacobson.raheem@hotmail.com,4-Я ул. новые садыд.59 кв.1,9
89368987158,heber.schinner@yahoo.com,берсзоваЯ ул.д.87 кв.272,16
89199454284,kirlin.josie@okeefe.org,бульв. генерала карбышевад.1 кв.346,5
89997074474,raynor.eudora@yahoo.com,ул. рудольфа дизелЯд.77 кв.300,17
89997159758,weissnat.alexa@hotmail.com,2-й богатырский пер.д.87 кв.95,6
89996648658,hbuckridge@hotmail.com,цветочный пр.д.45 кв.106,23
89868388658,gretavw@ryan.bi`,заречнаЯ ул.д.41 кв.499,15
89176115474,leola.spencer@yahoo.com,1-й новомихалковский пр.д.88 кв.331,17
89366298474,joanad`@yahoo.com,2-Я песчанаЯ ул.д.90 кв.36,5
89648435827,patrick.streich@yahoo.com,дорожнаЯ ул.д.98 кв.442,14
89868193263,hessel.terry@kiehn.bi`,кудринскаЯ пл.д.75 кв.370,7
89267101184,tbrekke@hansen.com,студенецкий пер.д.53 кв.227,13
89017920684,vpollich@klocko.com,попов пр.д.59 кв.424,16
89586403684,robyn.stokes@hotmail.com,тюменский пр.д.78 кв.426,20
89066113816,adahca@hotmail.com,кнЯжекозловский пер.д.63 кв.218,8
89808899948,marvin.llewellyn@hotmail.com,ул. хачатурЯнад.71 кв.369,12
89259743038,websterts@yahoo.com,хоромный туп.д.51 кв.207,15
89778484374,alfredo.kiehn@konopelski.bi`,ездаков пер.д.37 кв.468,12
89778545274,clemens.kunde@hotmail.com,ул. тренывад.46 кв.166,6
89016948038,runolfsdottir.owen@adams.com,ул. суходольед.41 кв.190,23
89587320848,vandervort.carmela@hotmail.com,2-й богородский пер.д.70 кв.407,11
89197236274,dibbert.carley@hotmail.com,сухонскаЯ ул.д.92 кв.19,1
89167088274,crau@hotmail.com,98-й км мкадд.60 кв.117,4
89777128274,kasandra`e@hotmail.com,ул. краснаЯ соснад.22 кв.88,8
89637575374,demarcusbu@davis.com,ул. рождественскогод.24 кв.19,9
89647405848,christianari@hotmail.com,новопетровский пр.д.65 кв.313,21
89367027374,vivianeje@heathcote.info,ул. юннатовд.34 кв.489,2
89259131048,willms.clifford@yahoo.com,мининский пер.д.43 кв.126,5
89157555294,eleanore.corkery@davis.com,Якиманский пер.д.79 кв.443,1
89197284294,tbeahan@mohr.info,полеваЯ ул.д.47 кв.421,10
89647445494,daugherty.wade@thompson.com,ул. эдварда григад.8 кв.53,3
89296447294,qconnelly@langworth.com,новаЯ ул.д.40 кв.237,3
89018835384,amiyart@swaniawski.org,луговой пер.д.18 кв.241,18
89687814738,romaguera.carlee@hotmail.com,центральнаЯ ул.д.54 кв.227,12
89869221574,mturner@gmail.com,3-Я ул. новосмлкид.29 кв.21,21
89157591574,rwillms@tremblay.bi`,1-й красковский пр.д.80 кв.444,11
89367561574,isomom@littel.net,ул. вишнйвый садд.39 кв.59,24
89177351574,dkoss@becker.com,магистральный пер.д.29 кв.200,22
89776952648,magdalena.farrell@gmail.com,ул. маршала кутаховад.56 кв.250,15
89177310384,jacobson.raheem@hotmail.com,ул. вильгельма пикад.85 кв.166,10
89198817494,orti`.cha`@nader.org,садоваЯ-каретнаЯ ул.д.79 кв.377,1
89686420004,ahoeger@yahoo.com,м. казонный пер.д.63 кв.216,19
89999605564,tfeil@streich.info,2-й радиальный пр.д.9 кв.341,7
89587230773,wmills@gmail.com,шебашквский пер.д.57 кв.259,23
89018216004,deckow.bette@hauck.bi`,юровскаЯ ул.д.45 кв.127,2
89197660696,angelo.lynch@hirthe.com,1-й двинский пер.д.23 кв.364,7
89059002237,mikaylavw@hotmail.com,ул. буЯльскогод.50 кв.473,13
89629226129,donmi@yahoo.com,ул. русскаЯ деревнЯд.64 кв.171,22
89669083349,wiley.bogisich@prosacco.com,парковаЯ ул.д.48 кв.396,4
89999657996,koss.alfredo@dare.com,зап. тушинский мостд.26 кв.104,21
89259273696,elenoraqy@yahoo.com,велозаводскаЯ ул.д.73 кв.307,14
89366988457,lauryij@hotmail.com,новозаводскаЯ ул.д.5 кв.13,1
89369244896,schowalter.landen@schimmel.com,пл. викторио кодовильид.1 кв.152,16
89179016017,lillarp@hotmail.com,мироновскаЯ ул.д.7 кв.492,18
89267068017,deloresv`@volkman.bi`,дачнаЯ ул.д.56 кв.267,11
89587537904,donavon.nienow@emard.net,дербеневскаЯ ул.д.70 кв.422,2
89197078557,kmills@hamill.bi`,колчевскаЯ ул.д.14 кв.357,11
89657874664,ruecker.`echariah@moore.org,ул. кравченкод.1 кв.272,18
89679273783,bnader@hudson.info,звлзднаЯ ул.д.74 кв.222,22
89779207796,hammes.`etta@bednar.com,стартоваЯ ул.д.37 кв.36,11
89199057873,moore.drew@hotmail.com,ул. кончнковад.17 кв.85,10
89636893217,ynolan@stamm.org,нагорнаЯ ул.д.67 кв.479,1
89198790796,mabelpr@gmail.com,ул. 26-ти бакинских комиссаровд.22 кв.379,17
89167094196,terrell.lind@hotmail.com,ул. джонатана свифтад.92 кв.345,19
89868727073,elfriedajm@mcglynn.com,1-Я севернаЯ ул.д.28 кв.247,24
89627402429,collier.jarvis@mcdermott.com,ул. заболотьед.2 кв.373,20
89998463504,dschuppe@yahoo.com,ул. симоновский валд.12 кв.332,18
89367623917,nader.jessica@gmail.com,рабочаЯ ул.д.68 кв.429,4
89039010917,anderson.mike@carroll.org,сатинскаЯ ал.д.23 кв.72,23
89638472917,cassidyhf@yahoo.com,м. екатерининскаЯ ул.д.73 кв.182,24
89998364917,mkling@wiso`k.com,череповецкаЯ ул.д.81 кв.66,22
89107463417,marquiseh@kuhlman.bi`,елизаветинский пер.д.22 кв.257,5
89858354117,anastasiamm@gmail.com,продольный пр.д.56 кв.243,22
89648259804,wmorissette@yahoo.com,ул. котовскогод.98 кв.261,20
89589791117,hboyle@hotmail.com,полЯнский пер.д.8 кв.441,1
89869536329,cynthia.reichel@lubowit`.com,курьЯновский бульв.д.50 кв.324,17
89627312417,welch.nathanael@price.com,ул. боженкод.67 кв.417,22
89099947229,mosciski.kaley@hotmail.com,пролетарскаЯ ул.д.27 кв.468,15
89267488229,archibald.carter@gmail.com,ул. павленкод.16 кв.317,6
89586377617,berniecein@barton.org,ул. васильцовский станд.43 кв.482,23
89999995983,darwincx@yahoo.com,1-й бабьегородский пер.д.14 кв.99,10
89999209329,bat`.lester@dooley.com,ул. кустодиевад.96 кв.377,8
89096723704,gislason.athena@hegmann.info,заречнаЯ ул.д.58 кв.190,9
89109377064,ulittel@barton.com,рублфвское ш.д.85 кв.204,13
89589252257,iwelch@nit`sche.com,пр-д пахтусовад.32 кв.348,11
89658763137,cbogan@yahoo.com,1-й николощеповский пер.д.89 кв.384,1
89198349257,memmerich@yahoo.com,просп. 40 лет октЯбрЯд.14 кв.66,8
89867214673,concepcion.wiso`k@hotmail.com,ул. академика павловад.40 кв.459,13
89839520449,elyse.`iemann@wi`a.info,рыбников пер.д.33 кв.206,3
89996098937,adolfobt@oconner.bi`,ул. паперникад.21 кв.282,10
89589205717,amorissette@goldner.info,ул. гашекад.37 кв.68,7
89587983717,trisha.schamberger@watsica.com,нагорнаЯ ул.д.54 кв.25,16
89056648937,borer.danny@yahoo.com,1-й ольховский туп.д.97 кв.440,12
89686955057,ohara.cleo@hotmail.com,добрососедскаЯ ул.д.30 кв.339,22
89588538937,cynthia.reichel@lubowit`.com,3-й добрынинский пер.д.97 кв.273,16
89868315057,willardke@grant.net,ул. красного маЯкад.22 кв.276,1
89019484057,dibbert.chloe@gmail.com,2-Я хапиловскаЯ ул.д.96 кв.189,20
89776559249,kohler.harmon@yahoo.com,съезжинский пер.д.11 кв.327,21
89016323549,vrath@gmail.com,стандартнаЯ ул.д.48 кв.269,9
89107825404,rafaelada@gmail.com,охотничьЯ ул.д.83 кв.71,6
89299023937,goldawo@hotmail.com,ул. суриковад.40 кв.467,15
89166850937,marvin.toni@greenholt.com,народный просп.д.91 кв.448,11
89016315729,`okeefe@yahoo.com,дальнЯЯ ул.д.68 кв.180,11
89197613729,donna.hessel@hotmail.com,ослЯбинский пер.д.78 кв.341,3
89997392364,lueilwit`.`ackary@`emlak.org,молдавскаЯ ул.д.76 кв.437,20
89997833283,ecorwin@dickens.info,ул. крупскойд.19 кв.181,21
89017617757,hkulas@gmail.com,наримановскаЯ ул.д.8 кв.391,7
89106964157,kuhn.scot@hotmail.com,1-Я вишнрваЯ ул.д.22 кв.114,17
89646011957,hammes.foster@lind.com,2-Я боевскаЯ ул.д.52 кв.482,10
89257926157,audreyik@anderson.com,покровскаЯ ул.д.33 кв.458,21
89858053157,will.dino@casper.com,4-Я парковаЯ ул.д.23 кв.132,24
89018227957,hcummings@becker.org,1-й лесной пер.д.28 кв.124,17
89168519757,camden.christiansen@yahoo.com,тихий туп.д.19 кв.30,22
89196209757,dwight.kreiger@gmail.com,покровский бульв.д.91 кв.29,7
89868950473,vstiedemann@padberg.com,заречнаЯ ул.д.48 кв.64,11
89169230473,collier.jarvis@mcdermott.com,спортивнаЯ ул.д.86 кв.454,15
89369882396,soledadol@gorc`any.com,пл. академика доллежалЯд.43 кв.267,18
89176700183,jovanny.bauch@williamson.com,валоваЯ ул.д.50 кв.314,10
89256301183,roselynxq@miller.com,м. сухаревскаЯ пл.д.94 кв.405,15
89259467029,brodericku`@borer.com,мичуринский просп.д.80 кв.289,11
89267636396,`weimann@kuhn.com,центральнаЯ ул.д.96 кв.89,20
89167279264,miltonvv@gmail.com,ул. хабаровад.61 кв.330,12
89107366596,schmidt.denis@gmail.com,западнаЯ ул.д.28 кв.370,1
89867197264,cbogan@yahoo.com,2-й тверской-Ямской пер.д.56 кв.296,19
89698826596,runolfsson.abner@yahoo.com,м. гавриков пер.д.86 кв.453,5
89868857683,brianneby@gmail.com,ул. межпруднаЯд.74 кв.284,6
89809620037,magdalena.farrell@gmail.com,пехотнаЯ ул.д.27 кв.110,13
89668378037,delpha.dooley@yahoo.com,ул. молостовыхд.64 кв.85,11
89996530583,mo`ellecw@hotmail.com,4-й сыромЯтнический пер.д.77 кв.120,8
89017464483,green.chanel@smith.com,ул. александровы прудыд.15 кв.185,22
89666490273,mikaylawx@hotmail.com,приютский пер.д.10 кв.180,12
89259950273,kreiger.myrl@johnson.com,санаторнаЯ аллеЯд.96 кв.111,16
89806565483,x`ulauf@howe.bi`,железнодорожный пр.д.71 кв.330,2
89019890483,vveum@muller.com,переЯславский пер.д.6 кв.103,23
89016166973,lydiaqr@yahoo.com,б. факельный пер.д.62 кв.428,20
89869697837,her`og.martin@luettgen.com,5-й железнодорожный пер.д.82 кв.305,5
89176486973,lonnieil@flatley.com,варваринскаЯ ул.д.90 кв.248,23
89699726296,rachelle.ferry@yahoo.com,1-й железнодорожный пер.д.61 кв.146,3
89999186573,corrine.yundt@gmail.com,коломенский пр.д.41 кв.479,1
89018958296,cormier.jarrett@schuppe.com,пл. колумбад.29 кв.227,13
89158856573,elvieqp@heaney.com,миусскаЯ пл.д.60 кв.413,16
89998092649,glittel@bergnaum.info,дорожнаЯ ул.д.37 кв.148,18
89098757649,schmeler.madge@gmail.com,ул. радиод.28 кв.251,15
89866839573,rachel.friesen@bauch.com,7-й км мкадд.95 кв.297,11
89997802737,rosepu@becker.info,б. краснопрудный туп.д.25 кв.34,16
